Картриджи для  принтеров,Cовместимый,Cовместимый 10 шт.,Ориг.,Цвет
#span#,"Цена, руб.<br/>1 шт.",<br/>10 шт.,"Цена, руб.<br/>1 шт.", 
"<div class=""title""><a href=""dk-1150/""><b>Kyocera DK-1150</b></a></div><div class=""clear""/><div class=""links""><div class=""c-gray"">Подходит к принтерам:</div><a href=""/cartridge/brother/""><b>Brother</b></a>:
                  <a href=""/printer/brother/dcp-9020/"">DCP-9020</a></div>","7000          <br/><a href=""#add=2819"" class=""buy"" rel=""nofollow, noindex"">Купить</a>",-          ,"17800<br/><a href=""#add=-2819"" class=""buy"" rel=""nofollow, noindex"">Купить</a>","<span style=""background: black""> </span>"
"<div class=""title""><a href=""dk-3170/""><b>Kyocera DK-3170 (302T993060/302T993061)</b></a></div><div class=""clear""/><div class=""links""><div class=""c-gray"">Подходит к принтерам:</div><a href=""/cartridge/brother/""><b>Brother</b></a>:
                  <a href=""/printer/brother/dcp-9020/"">DCP-9020</a></div>",-          ,-          ,"22300<br/><a href=""#add=-2833"" class=""buy"" rel=""nofollow, noindex"">Купить</a>","<span style=""background: black""> </span>"
"<div class=""title""><a href=""tk-17/""><b>Kyocera TK 17</b></a></div><div class=""clear""/><div class=""links""><div class=""c-gray"">Подходит к принтерам:</div><a href=""""><b>Kyocera</b></a>:
                  <a href=""/printer/kyocera/fs-1000+/"">FS-1000+</a>, <a href=""/printer/kyocera/fs-1010/"">FS-1010</a>, <a href=""/printer/kyocera/fs-1050/"">FS-1050</a></div>","1700          <br/><a href=""#add=449"" class=""buy"" rel=""nofollow, noindex"">Купить</a>","1450          <br/><a href=""#add=449&qty=10"" class=""buy"" rel=""nofollow, noindex"">Купить</a>","460<br/><a href=""#add=-449"" class=""buy"" rel=""nofollow, noindex"">Купить</a>","<span style=""background: black""> </span>"
"<div class=""title""><a href=""tk18/""><b>Kyocera TK 18</b></a></div><div class=""clear""/><div class=""links""><div class=""c-gray"">Подходит к принтерам:</div><a href=""""><b>Kyocera</b></a>:
                  <a href=""/printer/kyocera/fs-1020d/"">FS-1020D</a>, <a href=""/printer/kyocera/fs-1118mfp/"">FS-1118MFP</a></div>","1700          <br/><a href=""#add=496"" class=""buy"" rel=""nofollow, noindex"">Купить</a>","1450          <br/><a href=""#add=496&qty=10"" class=""buy"" rel=""nofollow, noindex"">Купить</a>","5490<br/><a href=""#add=-496"" class=""buy"" rel=""nofollow, noindex"">Купить</a>","<span style=""background: black""> </span>"
"<div class=""title""><a href=""tk-590c/""><b>Kyocera TK 590C</b></a></div><div class=""clear""/><div class=""links""><div class=""c-gray"">Подходит к принтерам:</div><a href=""""><b>Kyocera</b></a>:
                  <a href=""/printer/kyocera/fs-c2126mfp/"">FS-С2126МFР</a></div>","1600          <br/><a href=""#add=2315"" class=""buy"" rel=""nofollow, noindex"">Купить</a>",-          ,,"<span style=""background: #00BFFF""> </span>"
"<div class=""title""><a href=""tk-590k/""><b>Kyocera TK 590K</b></a></div><div class=""clear""/><div class=""links""><div class=""c-gray"">Подходит к принтерам:</div><a href=""""><b>Kyocera</b></a>:
                  <a href=""/printer/kyocera/fs-c2026mfp/"">FS-С2026МFР</a>, <a href=""/printer/kyocera/fs-c2126mfp/"">FS-С2126МFР</a></div>","1600          <br/><a href=""#add=2313"" class=""buy"" rel=""nofollow, noindex"">Купить</a>",-          ,,"<span style=""background: black""> </span>"
"<div class=""title""><a href=""tk-590m/""><b>Kyocera TK 590M</b></a></div><div class=""clear""/><div class=""links""><div class=""c-gray"">Подходит к принтерам:</div><a href=""""><b>Kyocera</b></a>:
                  <a href=""/printer/kyocera/fs-c2126mfp/"">FS-С2126МFР</a></div>","1600          <br/><a href=""#add=2316"" class=""buy"" rel=""nofollow, noindex"">Купить</a>",-          ,,"<span style=""background: darkmagenta""> </span>"
"<div class=""title""><a href=""tk-590y/""><b>Kyocera TK 590Y</b></a></div><div class=""clear""/><div class=""links""><div class=""c-gray"">Подходит к принтерам:</div><a href=""""><b>Kyocera</b></a>:
                  <a href=""/printer/kyocera/fs-c2126mfp/"">FS-С2126МFР</a></div>","1600          <br/><a href=""#add=2314"" class=""buy"" rel=""nofollow, noindex"">Купить</a>",-          ,,"<span style=""background: #FFD700""> </span>"
"<div class=""title""><a href=""tk-110/""><b>Kyocera TK-110</b></a></div><div class=""clear""/><div class=""links""><div class=""c-gray"">Подходит к принтерам:</div><a href=""""><b>Kyocera</b></a>:
                  <a href=""/printer/kyocera/fs-1116mfp/"">FS-1116MFP (МФУ)</a></div>","1700          <br/><a href=""#add=534"" class=""buy"" rel=""nofollow, noindex"">Купить</a>","1700          <br/><a href=""#add=534&qty=10"" class=""buy"" rel=""nofollow, noindex"">Купить</a>","7930<br/><a href=""#add=-534"" class=""buy"" rel=""nofollow, noindex"">Купить</a>","<span style=""background: black""> </span>"
"<div class=""title""><a href=""tk-1100/""><b>Kyocera TK-1100</b></a></div><div class=""clear""/><div class=""links""><div class=""c-gray"">Подходит к принтерам:</div><a href=""""><b>Kyocera</b></a>:
                  <a href=""/printer/kyocera/fs-1110/"">FS-1110</a>, <a href=""/printer/kyocera/fs-1024mfp/"">FS-1024MFP</a></div>","750          <br/><a href=""#add=2102"" class=""buy"" rel=""nofollow, noindex"">Купить</a>","700          <br/><a href=""#add=2102&qty=10"" class=""buy"" rel=""nofollow, noindex"">Купить</a>",,"<span style=""background: black""> </span>"
"<div class=""title""><a href=""tk-1110/""><b>Kyocera TK-1110</b></a></div><div class=""clear""/><div class=""links""><div class=""c-gray"">Подходит к принтерам:</div><a href=""""><b>Kyocera</b></a>:
                  <a href=""/printer/kyocera/fs-1040/"">FS-1040</a>, <a href=""/printer/kyocera/fs-1020mfp/"">FS-1020MFP</a></div>","1100          <br/><a href=""#add=2105"" class=""buy"" rel=""nofollow, noindex"">Купить</a>","1050          <br/><a href=""#add=2105&qty=10"" class=""buy"" rel=""nofollow, noindex"">Купить</a>",,"<span style=""background: black""> </span>"
"<div class=""title""><a href=""tk-1120/""><b>Kyocera TK-1120</b></a></div><div class=""clear""/><div class=""links""><div class=""c-gray"">Подходит к принтерам:</div><a href=""""><b>Kyocera</b></a>:
                  <a href=""/printer/kyocera/fs-1125mfp/"">FS-1125MFP</a>, <a href=""/printer/kyocera/fs-1025mfp/"">FS-1025MFP</a></div>","1100          <br/><a href=""#add=2108"" class=""buy"" rel=""nofollow, noindex"">Купить</a>","1050          <br/><a href=""#add=2108&qty=10"" class=""buy"" rel=""nofollow, noindex"">Купить</a>",,"<span style=""background: black""> </span>"
"<div class=""title""><a href=""tk-1130/""><b>Kyocera TK-1130</b></a></div><div class=""clear""/><div class=""links""><div class=""c-gray"">Подходит к принтерам:</div><a href=""""><b>Kyocera</b></a>:
                  <a href=""/printer/kyocera/fs-1030mfp/"">FS-1030MFP</a></div>","1150          <br/><a href=""#add=2022"" class=""buy"" rel=""nofollow, noindex"">Купить</a>","1200          <br/><a href=""#add=2022&qty=10"" class=""buy"" rel=""nofollow, noindex"">Купить</a>",,"<span style=""background: black""> </span>"
"<div class=""title""><a href=""tk-1140/""><b>Kyocera TK-1140</b></a></div><div class=""clear""/><div class=""links""><div class=""c-gray"">Подходит к принтерам:</div><a href=""""><b>Kyocera</b></a>:
                  <a href=""/printer/kyocera/fs-1035mfp_dp/"">FS-1035MFP/DP</a></div>","1200          <br/><a href=""#add=1940"" class=""buy"" rel=""nofollow, noindex"">Купить</a>","1150          <br/><a href=""#add=1940&qty=10"" class=""buy"" rel=""nofollow, noindex"">Купить</a>",,"<span style=""background: black""> </span>"
"<div class=""title""><a href=""tk-1150/""><b>Kyocera TK-1150</b></a></div><div class=""clear""/><div class=""links""><div class=""c-gray"">Подходит к принтерам:</div><a href=""""><b>Kyocera</b></a>:
                  <a href=""/printer/kyocera/m2135dn/"">ECOSYS M2135dn</a>, <a href=""/printer/kyocera/p2235dn/"">ECOSYS P2235dn</a></div>","1200          <br/><a href=""#add=2560"" class=""buy"" rel=""nofollow, noindex"">Купить</a>","1150          <br/><a href=""#add=2560&qty=10"" class=""buy"" rel=""nofollow, noindex"">Купить</a>",,"<span style=""background: black""> </span>"
"<div class=""title""><a href=""tk-1160/""><b>Kyocera TK-1160</b></a></div><div class=""clear""/><div class=""links""><div class=""c-gray"">Подходит к принтерам:</div><a href=""""><b>Kyocera</b></a>:
                  <a href=""/printer/kyocera/p2040dn/"">ECOSYS P2040dn</a>, <a href=""/printer/kyocera/p2040dw/"">ECOSYS P2040dw</a></div>","1550          <br/><a href=""#add=2561"" class=""buy"" rel=""nofollow, noindex"">Купить</a>","1500          <br/><a href=""#add=2561&qty=10"" class=""buy"" rel=""nofollow, noindex"">Купить</a>",,"<span style=""background: black""> </span>"
"<div class=""title""><a href=""tk-1170/""><b>Kyocera TK-1170</b></a></div><div class=""clear""/><div class=""links""><div class=""c-gray"">Подходит к принтерам:</div><a href=""""><b>Kyocera</b></a>:
                  <a href=""/printer/kyocera/ecosys-m2040dn/"">ECOSYS M2040dn</a>, <a href=""/printer/kyocera/ecosys-m2540dn/"">ECOSYS M2540dn</a>, <a href=""/printer/kyocera/ecosys-m2640idw/"">ECOSYS M2640idw</a></div>","1700          <br/><a href=""#add=2533"" class=""buy"" rel=""nofollow, noindex"">Купить</a>","1600          <br/><a href=""#add=2533&qty=10"" class=""buy"" rel=""nofollow, noindex"">Купить</a>",,"<span style=""background: black""> </span>"
"<div class=""title""><a href=""tk-1200/""><b>Kyocera TK-1200</b></a></div><div class=""clear""/><div class=""links""><div class=""c-gray"">Подходит к принтерам:</div><a href=""""><b>Kyocera</b></a>:
                  <a href=""/printer/kyocera/ecosys-p2335d/"">ECOSYS P2335d</a>, <a href=""/printer/kyocera/ecosys-m2235dn/"">ECOSYS M2235dn</a></div>","1290          <br/><a href=""#add=2660"" class=""buy"" rel=""nofollow, noindex"">Купить</a>","1190          <br/><a href=""#add=2660&qty=10"" class=""buy"" rel=""nofollow, noindex"">Купить</a>",,"<span style=""background: black""> </span>"
"<div class=""title""><a href=""tk-130/""><b>Kyocera TK-130</b></a></div><div class=""clear""/><div class=""links""><div class=""c-gray"">Подходит к принтерам:</div><a href=""""><b>Kyocera</b></a>:
                  <a href=""/printer/kyocera/fs-1128mfp/"">FS-1128MFP</a>, <a href=""/printer/kyocera/fs-1300d/"">FS-1300D</a>, <a href=""/printer/kyocera/fs-1350dn/"">FS-1350DN</a>, <a href=""/printer/kyocera/fs-1028mfp/"">FS-1028MFP</a></div>","950          <br/><a href=""#add=737"" class=""buy"" rel=""nofollow, noindex"">Купить</a>","900          <br/><a href=""#add=737&qty=10"" class=""buy"" rel=""nofollow, noindex"">Купить</a>",,"<span style=""background: black""> </span>"
"<div class=""title""><a href=""tk-140/""><b>Kyocera TK-140</b></a></div><div class=""clear""/><div class=""links""><div class=""c-gray"">Подходит к принтерам:</div><a href=""""><b>Kyocera</b></a>:
                  <a href=""/printer/kyocera/fs-1100/"">FS-1100</a></div>","950          <br/><a href=""#add=1985"" class=""buy"" rel=""nofollow, noindex"">Купить</a>","900          <br/><a href=""#add=1985&qty=10"" class=""buy"" rel=""nofollow, noindex"">Купить</a>","5200<br/><a href=""#add=-1985"" class=""buy"" rel=""nofollow, noindex"">Купить</a>","<span style=""background: black""> </span>"
"<div class=""title""><a href=""tk-160/""><b>Kyocera TK-160</b></a></div><div class=""clear""/><div class=""links""><div class=""c-gray"">Подходит к принтерам:</div><a href=""""><b>Kyocera</b></a>:
                  <a href=""/printer/kyocera/fs-1120d/"">FS-1120D</a>, <a href=""/printer/kyocera/p2035d/"">ECOSYS P2035d</a></div>","1100          <br/><a href=""#add=2507"" class=""buy"" rel=""nofollow, noindex"">Купить</a>","1050          <br/><a href=""#add=2507&qty=10"" class=""buy"" rel=""nofollow, noindex"">Купить</a>",,"<span style=""background: black""> </span>"
"<div class=""title""><a href=""tk-170/""><b>Kyocera TK-170</b></a></div><div class=""clear""/><div class=""links""><div class=""c-gray"">Подходит к принтерам:</div><a href=""""><b>Kyocera</b></a>:
                  <a href=""/printer/kyocera/fs-1320d/"">FS-1320D</a>, <a href=""/printer/kyocera/fs-1370dn/"">FS-1370DN</a></div>","1100          <br/><a href=""#add=2278"" class=""buy"" rel=""nofollow, noindex"">Купить</a>","1050          <br/><a href=""#add=2278&qty=10"" class=""buy"" rel=""nofollow, noindex"">Купить</a>",,"<span style=""background: black""> </span>"
"<div class=""title""><a href=""tk-20h/""><b>Kyocera TK-20H</b></a></div><div class=""clear""/><div class=""links""><div class=""c-gray"">Подходит к принтерам:</div><a href=""""><b>Kyocera</b></a>:
                  <a href=""/printer/kyocera/fs-1700/"">FS-1700+</a>, <a href=""/printer/kyocera/fs-1750/"">FS-1750</a></div>",-          ,-          ,"11100<br/><a href=""#add=-2079"" class=""buy"" rel=""nofollow, noindex"">Купить</a>","<span style=""background: black""> </span>"
"<div class=""title""><a href=""tk-3060/""><b>Kyocera TK-3060</b></a></div><div class=""clear""/><div class=""links""><div class=""c-gray"">Подходит к принтерам:</div><a href=""""><b>Kyocera</b></a>:
                  <a href=""/printer/kyocera/ecosys-m3145idn/"">Ecosys M3145idn</a>, <a href=""/printer/kyocera/ecosys-m3645idn/"">Ecosys M3645idn</a></div>","1900          <br/><a href=""#add=2788"" class=""buy"" rel=""nofollow, noindex"">Купить</a>","1800          <br/><a href=""#add=2788&qty=10"" class=""buy"" rel=""nofollow, noindex"">Купить</a>",,"<span style=""background: black""> </span>"
"<div class=""title""><a href=""tk-310/""><b>Kyocera TK-310</b></a></div><div class=""clear""/><div class=""links""><div class=""c-gray"">Подходит к принтерам:</div><a href=""""><b>Kyocera</b></a>:
                  <a href=""/printer/kyocera/fs-2000d/"">FS-2000D</a>, <a href=""/printer/kyocera/fs-3900dn/"">FS-3900DN</a></div>",-          ,-          ,"8500<br/><a href=""#add=-2082"" class=""buy"" rel=""nofollow, noindex"">Купить</a>","<span style=""background: black""> </span>"
"<div class=""title""><a href=""tk-3100/""><b>Kyocera TK-3100</b></a></div><div class=""clear""/><div class=""links""><div class=""c-gray"">Подходит к принтерам:</div><a href=""""><b>Kyocera</b></a>:
                  <a href=""/printer/kyocera/fs-2100d/"">FS-2100D</a>, <a href=""/printer/kyocera/fs-2100dn/"">FS-2100DN</a></div>","1900          <br/><a href=""#add=2239"" class=""buy"" rel=""nofollow, noindex"">Купить</a>","1800          <br/><a href=""#add=2239&qty=10"" class=""buy"" rel=""nofollow, noindex"">Купить</a>","8910<br/><a href=""#add=-2239"" class=""buy"" rel=""nofollow, noindex"">Купить</a>","<span style=""background: black""> </span>"
"<div class=""title""><a href=""tk-3110/""><b>Kyocera TK-3110</b></a></div><div class=""clear""/><div class=""links""><div class=""c-gray"">Подходит к принтерам:</div><a href=""""><b>Kyocera</b></a>:
                  <a href=""/printer/kyocera/fs-4100dn/"">FS-4100DN</a></div>","1900          <br/><a href=""#add=2245"" class=""buy"" rel=""nofollow, noindex"">Купить</a>","1800          <br/><a href=""#add=2245&qty=10"" class=""buy"" rel=""nofollow, noindex"">Купить</a>",,"<span style=""background: black""> </span>"
"<div class=""title""><a href=""tk-3130/""><b>Kyocera TK-3130</b></a></div><div class=""clear""/><div class=""links""><div class=""c-gray"">Подходит к принтерам:</div><a href=""""><b>Kyocera</b></a>:
                  <a href=""/printer/kyocera/fs-4200dn/"">FS-4200DN</a>, <a href=""/printer/kyocera/fs-4300dn/"">FS-4300DN</a></div>","2500          <br/><a href=""#add=2208"" class=""buy"" rel=""nofollow, noindex"">Купить</a>","2400          <br/><a href=""#add=2208&qty=10"" class=""buy"" rel=""nofollow, noindex"">Купить</a>",,"<span style=""background: black""> </span>"
"<div class=""title""><a href=""tk-3150/""><b>Kyocera TK-3150</b></a></div><div class=""clear""/><div class=""links""><div class=""c-gray"">Подходит к принтерам:</div><a href=""""><b>Kyocera</b></a>:
                  <a href=""/printer/kyocera/m3040idn/"">ECOSYS M3040idn</a></div>","1900          <br/><a href=""#add=2249"" class=""buy"" rel=""nofollow, noindex"">Купить</a>","1800          <br/><a href=""#add=2249&qty=10"" class=""buy"" rel=""nofollow, noindex"">Купить</a>",,"<span style=""background: black""> </span>"
"<div class=""title""><a href=""tk-3160/""><b>Kyocera TK-3160</b></a></div><div class=""clear""/><div class=""links""><div class=""c-gray"">Подходит к принтерам:</div><a href=""""><b>Kyocera</b></a>:
                  <a href=""/printer/kyocera/ecosys-p3055dn/"">Ecosys P3055DN</a>, <a href=""/printer/kyocera/ecosys-p3050dn/"">ECOSYS P3050dn</a>, <a href=""/printer/kyocera/ecosys-p3150dn/"">Ecosys P3150DN</a></div>","1900          <br/><a href=""#add=2696"" class=""buy"" rel=""nofollow, noindex"">Купить</a>","1800          <br/><a href=""#add=2696&qty=10"" class=""buy"" rel=""nofollow, noindex"">Купить</a>",,"<span style=""background: black""> </span>"
"<div class=""title""><a href=""tk-3170/""><b>Kyocera TK-3170</b></a></div><div class=""clear""/><div class=""links""><div class=""c-gray"">Подходит к принтерам:</div><a href=""""><b>Kyocera</b></a>:
                  <a href=""/printer/kyocera/ecosys-p3155dn/"">Ecosys P3155DN</a></div>","1900          <br/><a href=""#add=2842"" class=""buy"" rel=""nofollow, noindex"">Купить</a>","1850          <br/><a href=""#add=2842&qty=10"" class=""buy"" rel=""nofollow, noindex"">Купить</a>",,"<span style=""background: black""> </span>"
"<div class=""title""><a href=""tk-3190/""><b>Kyocera TK-3190</b></a></div><div class=""clear""/><div class=""links""><div class=""c-gray"">Подходит к принтерам:</div><a href=""/cartridge/brother/""><b>Brother</b></a>:
                  <a href=""/printer/brother/dcp-9020/"">DCP-9020</a>, <a href=""""><b>Kyocera</b></a>:
                  <a href=""/printer/kyocera/ecosys-p3060dn/"">Ecosys P3060DN</a>, <a href=""/printer/kyocera/ecosys-p3155dn/"">Ecosys P3155DN</a></div>","2100          <br/><a href=""#add=2836"" class=""buy"" rel=""nofollow, noindex"">Купить</a>","2150          <br/><a href=""#add=2836&qty=10"" class=""buy"" rel=""nofollow, noindex"">Купить</a>",,"<span style=""background: black""> </span>"
"<div class=""title""><a href=""tk-350/""><b>Kyocera TK-350</b></a></div><div class=""clear""/><div class=""links""><div class=""c-gray"">Подходит к принтерам:</div><a href=""""><b>Kyocera</b></a>:
                  <a href=""/printer/kyocera/fs-3920dn/"">FS-3920DN</a>, <a href=""/printer/kyocera/fs-3040mfp/"">FS-3040MFP</a></div>","2100          <br/><a href=""#add=2004"" class=""buy"" rel=""nofollow, noindex"">Купить</a>","2000          <br/><a href=""#add=2004&qty=10"" class=""buy"" rel=""nofollow, noindex"">Купить</a>","8560<br/><a href=""#add=-2004"" class=""buy"" rel=""nofollow, noindex"">Купить</a>","<span style=""background: black""> </span>"
"<div class=""title""><a href=""tk-360/""><b>Kyocera TK-360</b></a></div><div class=""clear""/><div class=""links""><div class=""c-gray"">Подходит к принтерам:</div><a href=""""><b>Kyocera</b></a>:
                  <a href=""/printer/kyocera/fs-4020dn/"">FS-4020DN</a></div>",-          ,-          ,"8500<br/><a href=""#add=-2100"" class=""buy"" rel=""nofollow, noindex"">Купить</a>","<span style=""background: black""> </span>"
"<div class=""title""><a href=""tk-410/""><b>Kyocera TK-410</b></a></div><div class=""clear""/><div class=""links""><div class=""c-gray"">Подходит к принтерам:</div><a href=""""><b>Kyocera</b></a>:
                  <a href=""/printer/kyocera/km-1620/"">KM-1620</a>, <a href=""/printer/kyocera/km-2050/"">KM-2050</a></div>","2100          <br/><a href=""#add=1198"" class=""buy"" rel=""nofollow, noindex"">Купить</a>","2000          <br/><a href=""#add=1198&qty=10"" class=""buy"" rel=""nofollow, noindex"">Купить</a>","6450<br/><a href=""#add=-1198"" class=""buy"" rel=""nofollow, noindex"">Купить</a>","<span style=""background: black""> </span>"
"<div class=""title""><a href=""tk-435/""><b>Kyocera TK-435</b></a></div><div class=""clear""/><div class=""links""><div class=""c-gray"">Подходит к принтерам:</div><a href=""""><b>Kyocera</b></a>:
                  <a href=""/printer/kyocera/taskalfa-180/"">KM TASKalfa 180</a>, <a href=""/printer/kyocera/taskalfa-220/"">KM TASKalfa 220</a></div>","2500          <br/><a href=""#add=1300"" class=""buy"" rel=""nofollow, noindex"">Купить</a>","2400          <br/><a href=""#add=1300&qty=10"" class=""buy"" rel=""nofollow, noindex"">Купить</a>","5920<br/><a href=""#add=-1300"" class=""buy"" rel=""nofollow, noindex"">Купить</a>","<span style=""background: black""> </span>"
"<div class=""title""><a href=""tk-475/""><b>Kyocera TK-475</b></a></div><div class=""clear""/><div class=""links""><div class=""c-gray"">Подходит к принтерам:</div><a href=""""><b>Kyocera</b></a>:
                  <a href=""/printer/kyocera/fs-6025mfp-b/"">FS-6025MFP/B</a>, <a href=""/printer/kyocera/fs-6030mfp/"">FS-6030MFP</a></div>","2100          <br/><a href=""#add=2291"" class=""buy"" rel=""nofollow, noindex"">Купить</a>","2000          <br/><a href=""#add=2291&qty=10"" class=""buy"" rel=""nofollow, noindex"">Купить</a>",,"<span style=""background: black""> </span>"
"<div class=""title""><a href=""tk-5220c/""><b>Kyocera TK-5220 C</b></a></div><div class=""clear""/><div class=""links""><div class=""c-gray"">Подходит к принтерам:</div><a href=""""><b>Kyocera</b></a>:
                  <a href=""/printer/kyocera/ecosysm5521cdn/"">ECOSYS M5521cdn</a></div>","1350          <br/><a href=""#add=2755"" class=""buy"" rel=""nofollow, noindex"">Купить</a>","1300          <br/><a href=""#add=2755&qty=10"" class=""buy"" rel=""nofollow, noindex"">Купить</a>",,"<span style=""background: #00BFFF""> </span>"
"<div class=""title""><a href=""tk-5220k/""><b>Kyocera TK-5220 K</b></a></div><div class=""clear""/><div class=""links""><div class=""c-gray"">Подходит к принтерам:</div><a href=""""><b>Kyocera</b></a>:
                  <a href=""/printer/kyocera/ecosysm5521cdn/"">ECOSYS M5521cdn</a></div>","1350          <br/><a href=""#add=2753"" class=""buy"" rel=""nofollow, noindex"">Купить</a>","1300          <br/><a href=""#add=2753&qty=10"" class=""buy"" rel=""nofollow, noindex"">Купить</a>",,"<span style=""background: black""> </span>"
"<div class=""title""><a href=""tk-5220m/""><b>Kyocera TK-5220 M</b></a></div><div class=""clear""/><div class=""links""><div class=""c-gray"">Подходит к принтерам:</div><a href=""""><b>Kyocera</b></a>:
                  <a href=""/printer/kyocera/ecosysm5521cdn/"">ECOSYS M5521cdn</a></div>","1350          <br/><a href=""#add=2756"" class=""buy"" rel=""nofollow, noindex"">Купить</a>","1300          <br/><a href=""#add=2756&qty=10"" class=""buy"" rel=""nofollow, noindex"">Купить</a>",,"<span style=""background: darkmagenta""> </span>"
"<div class=""title""><a href=""tk-5220y/""><b>Kyocera TK-5220 Y</b></a></div><div class=""clear""/><div class=""links""><div class=""c-gray"">Подходит к принтерам:</div><a href=""""><b>Kyocera</b></a>:
                  <a href=""/printer/kyocera/ecosysm5521cdn/"">ECOSYS M5521cdn</a></div>","1350          <br/><a href=""#add=2754"" class=""buy"" rel=""nofollow, noindex"">Купить</a>","1300          <br/><a href=""#add=2754&qty=10"" class=""buy"" rel=""nofollow, noindex"">Купить</a>",,"<span style=""background: #FFD700""> </span>"
"<div class=""title""><a href=""tk-5230c/""><b>Kyocera TK-5230 C</b></a></div><div class=""clear""/><div class=""links""><div class=""c-gray"">Подходит к принтерам:</div><a href=""""><b>Kyocera</b></a>:
                  <a href=""/printer/kyocera/ecosysm5521cdn/"">ECOSYS M5521cdn</a></div>","1350          <br/><a href=""#add=2759"" class=""buy"" rel=""nofollow, noindex"">Купить</a>","1300          <br/><a href=""#add=2759&qty=10"" class=""buy"" rel=""nofollow, noindex"">Купить</a>",,"<span style=""background: #00BFFF""> </span>"
"<div class=""title""><a href=""tk-5230k/""><b>Kyocera TK-5230 K</b></a></div><div class=""clear""/><div class=""links""><div class=""c-gray"">Подходит к принтерам:</div><a href=""""><b>Kyocera</b></a>:
                  <a href=""/printer/kyocera/ecosysm5521cdn/"">ECOSYS M5521cdn</a></div>","1350          <br/><a href=""#add=2757"" class=""buy"" rel=""nofollow, noindex"">Купить</a>","1300          <br/><a href=""#add=2757&qty=10"" class=""buy"" rel=""nofollow, noindex"">Купить</a>",,"<span style=""background: black""> </span>"
"<div class=""title""><a href=""tk-5230m/""><b>Kyocera TK-5230 M</b></a></div><div class=""clear""/><div class=""links""><div class=""c-gray"">Подходит к принтерам:</div><a href=""""><b>Kyocera</b></a>:
                  <a href=""/printer/kyocera/ecosysm5521cdn/"">ECOSYS M5521cdn</a></div>","1350          <br/><a href=""#add=2760"" class=""buy"" rel=""nofollow, noindex"">Купить</a>","1300          <br/><a href=""#add=2760&qty=10"" class=""buy"" rel=""nofollow, noindex"">Купить</a>",,"<span style=""background: darkmagenta""> </span>"
"<div class=""title""><a href=""tk-5230y/""><b>Kyocera TK-5230 Y</b></a></div><div class=""clear""/><div class=""links""><div class=""c-gray"">Подходит к принтерам:</div><a href=""""><b>Kyocera</b></a>:
                  <a href=""/printer/kyocera/ecosysm5521cdn/"">ECOSYS M5521cdn</a></div>","1350          <br/><a href=""#add=2758"" class=""buy"" rel=""nofollow, noindex"">Купить</a>","1300          <br/><a href=""#add=2758&qty=10"" class=""buy"" rel=""nofollow, noindex"">Купить</a>",,"<span style=""background: #FFD700""> </span>"
"<div class=""title""><a href=""tk-5240c/""><b>Kyocera TK-5240 C</b></a></div><div class=""clear""/><div class=""links""><div class=""c-gray"">Подходит к принтерам:</div><a href=""""><b>Kyocera</b></a>:
                  <a href=""/printer/kyocera/ecosysm5526cdw/"">ECOSYS M5526cdw</a></div>","1350          <br/><a href=""#add=2751"" class=""buy"" rel=""nofollow, noindex"">Купить</a>","1300          <br/><a href=""#add=2751&qty=10"" class=""buy"" rel=""nofollow, noindex"">Купить</a>",,"<span style=""background: #00BFFF""> </span>"
"<div class=""title""><a href=""tk-5240k/""><b>Kyocera TK-5240 K</b></a></div><div class=""clear""/><div class=""links""><div class=""c-gray"">Подходит к принтерам:</div><a href=""""><b>Kyocera</b></a>:
                  <a href=""/printer/kyocera/ecosysm5526cdw/"">ECOSYS M5526cdw</a></div>","1350          <br/><a href=""#add=2749"" class=""buy"" rel=""nofollow, noindex"">Купить</a>","1300          <br/><a href=""#add=2749&qty=10"" class=""buy"" rel=""nofollow, noindex"">Купить</a>",,"<span style=""background: black""> </span>"
"<div class=""title""><a href=""tk-5240m/""><b>Kyocera TK-5240 M</b></a></div><div class=""clear""/><div class=""links""><div class=""c-gray"">Подходит к принтерам:</div><a href=""""><b>Kyocera</b></a>:
                  <a href=""/printer/kyocera/ecosysm5526cdw/"">ECOSYS M5526cdw</a></div>","1350          <br/><a href=""#add=2752"" class=""buy"" rel=""nofollow, noindex"">Купить</a>","1300          <br/><a href=""#add=2752&qty=10"" class=""buy"" rel=""nofollow, noindex"">Купить</a>",,"<span style=""background: darkmagenta""> </span>"
"<div class=""title""><a href=""tk-5240y/""><b>Kyocera TK-5240 Y</b></a></div><div class=""clear""/><div class=""links""><div class=""c-gray"">Подходит к принтерам:</div><a href=""""><b>Kyocera</b></a>:
                  <a href=""/printer/kyocera/ecosysm5526cdw/"">ECOSYS M5526cdw</a></div>","1350          <br/><a href=""#add=2750"" class=""buy"" rel=""nofollow, noindex"">Купить</a>","1300          <br/><a href=""#add=2750&qty=10"" class=""buy"" rel=""nofollow, noindex"">Купить</a>",,"<span style=""background: #FFD700""> </span>"
"<div class=""title""><a href=""tk-55/""><b>Kyocera TK-55</b></a></div><div class=""clear""/><div class=""links""><div class=""c-gray"">Подходит к принтерам:</div><a href=""""><b>Kyocera</b></a>:
                  <a href=""/printer/kyocera/fs-1920/"">FS-1920</a></div>","2150          <br/><a href=""#add=744"" class=""buy"" rel=""nofollow, noindex"">Купить</a>","2050          <br/><a href=""#add=744&qty=10"" class=""buy"" rel=""nofollow, noindex"">Купить</a>",,"<span style=""background: black""> </span>"
"<div class=""title""><a href=""tk-6115/""><b>Kyocera TK-6115</b></a></div>","2100          <br/><a href=""#add=2785"" class=""buy"" rel=""nofollow, noindex"">Купить</a>","2000          <br/><a href=""#add=2785&qty=10"" class=""buy"" rel=""nofollow, noindex"">Купить</a>",,"<span style=""background: black""> </span>"
