Картриджи для лазерных принтеров,Cовместимый,Cовместимый 10 шт.,Ориг.,Цвет
#span#,"Цена, руб.<br/>1 шт.",<br/>10 шт.,"Цена, руб.<br/>1 шт.", 
"<div class=""title""><a href=""109r00725/""><b>Xerox 109R00725</b></a><div class=""icons""><span class=""ico-logistic-small left"" title=""круглосуточная доставка""> </span></div></div><div class=""clear""/><div class=""links""><div class=""c-gray"">Подходит к принтерам:</div><a href=""""><b>Xerox</b></a>:
                  <a href=""/printer/xerox/phaser-3115/"">Phaser 3115</a>, <a href=""/printer/xerox/phaser-3120/"">Phaser 3120</a>, <a href=""/printer/xerox/phaser-3121/"">Phaser 3121</a>, <a href=""/printer/xerox/phaser-3130/"">Phaser 3130</a></div>",1600          ,1500          ,3500,"<span class=""rini_color-square-black""></span>"
"<div class=""title""><a href=""106r01245/""><b>Xerox 106R01245</b></a></div><div class=""clear""/><div class=""links""><div class=""c-gray"">Подходит к принтерам:</div><a href=""""><b>Xerox</b></a>:
                  <a href=""/printer/xerox/phaser-3428/"">Phaser 3428</a>, <a href=""/printer/xerox/phaser-3428d/"">Phaser 3428D</a>, <a href=""/printer/xerox/phaser-3428dn/"">Phaser 3428DN</a>, <a href=""/cartridge/samsung/""><b>Samsung</b></a>:
                  <a href=""/printer/samsung/ml-3050/"">ML-3050</a>, <a href=""/printer/samsung/ml-3051n/"">ML-3051N</a>, <a href=""/printer/samsung/ml-3051nd/"">ML-3051ND</a></div>",-          ,-          ,4500,"<span class=""rini_color-square-black""></span>"
"<div class=""title""><a href=""006r01020/""><b>Xerox 006R01020 (5915/5918)</b></a></div>",-          ,-          ,3400,"<span class=""rini_color-square-black""></span>"
"<div class=""title""><a href=""006r01044/""><b>Xerox 006R01044 (2 тубы)</b></a></div><div class=""clear""/><div class=""links""><div class=""c-gray"">Подходит к принтерам:</div><a href=""""><b>Xerox</b></a>:
                  <a href=""/printer/xerox/wc-pro-315/"">WC PRO 315</a>, <a href=""/printer/xerox/wc-pro-320/"">WC PRO 320</a>, <a href=""/printer/xerox/wc-pro-420/"">WC PRO 420</a>, <a href=""/printer/xerox/wc-pro-415/"">WC PRO 415</a></div>",-          ,-          ,5120,"<span class=""rini_color-square-black""></span>"
"<div class=""title""><a href=""006r01046/""><b>Xerox 006R01046</b></a></div><div class=""clear""/><div class=""links""><div class=""c-gray"">Подходит к принтерам:</div><a href=""""><b>Xerox</b></a>:
                  <a href=""/printer/xerox/wc-5632/"">WC 5632</a>, <a href=""/printer/xerox/wc-5735/"">WC 5735</a></div>",-          ,-          ,13370,"<span class=""rini_color-square-black""></span>"
"<div class=""title""><a href=""006r01160/""><b>Xerox 006R01160</b></a></div><div class=""clear""/><div class=""links""><div class=""c-gray"">Подходит к принтерам:</div><a href=""""><b>Xerox</b></a>:
                  <a href=""/printer/xerox/wc-5325/"">WorkCentre 5325 MFU</a>, <a href=""/printer/xerox/wc-5330/"">WorkCentre 5330 MFU</a>, <a href=""/printer/xerox/wc-5335/"">WorkCentre 5335 MFU</a></div>",1900          ,1850          ,,"<span class=""rini_color-square-black""></span>"
"<div class=""title""><a href=""006r01179/""><b>Xerox 006R01179</b></a></div><div class=""clear""/><div class=""links""><div class=""c-gray"">Подходит к принтерам:</div><a href=""/cartridge/hp/""><b>HP</b></a>:
                  <a href=""/printer/hp/cljp-m177fw/"">Color LaserJet Pro MFP M177fw</a></div>",1750          ,1700          ,5330,"<span class=""rini_color-square-black""></span>"
"<div class=""title""><a href=""006r01182/""><b>Xerox 006R01182</b></a></div><div class=""clear""/><div class=""links""><div class=""c-gray"">Подходит к принтерам:</div><a href=""/cartridge/samsung/""><b>Samsung</b></a>:
                  <a href=""/printer/samsung/sl-m4070fr/"">SL-M4070FR</a></div>",-          ,-          ,,"<span class=""rini_color-square-black""></span>"
"<div class=""title""><a href=""006r01276/""><b>Xerox 006R01276</b></a></div><div class=""clear""/><div class=""links""><div class=""c-gray"">Подходит к принтерам:</div><a href=""""><b>Xerox</b></a>:
                  <a href=""/printer/xerox/wc-4150/"">WorkCentre 4150</a></div>",-          ,-          ,,"<span class=""rini_color-square-black""></span>"
"<div class=""title""><a href=""006r01278/""><b>Xerox 006R01278</b></a></div><div class=""clear""/><div class=""links""><div class=""c-gray"">Подходит к принтерам:</div><a href=""""><b>Xerox</b></a>:
                  <a href=""/printer/xerox/workcentre-4118/"">WorkCentre 4118</a></div>",2700          ,2650          ,3600,"<span class=""rini_color-square-black""></span>"
"<div class=""title""><a href=""006r01399/""><b>Xerox 006R01399</b></a></div><div class=""clear""/><div class=""links""><div class=""c-gray"">Подходит к принтерам:</div><a href=""""><b>Xerox</b></a>:
                  <a href=""/printer/xerox/workcentre_7425/"">WorkCentre 7425</a></div>",4700          ,4500          ,,"<span class=""rini_color-square-black""></span>"
"<div class=""title""><a href=""006r01400/""><b>Xerox 006R01400</b></a></div><div class=""clear""/><div class=""links""><div class=""c-gray"">Подходит к принтерам:</div><a href=""""><b>Xerox</b></a>:
                  <a href=""/printer/xerox/workcentre_7425/"">WorkCentre 7425</a></div>",5100          ,4900          ,,"<span class=""rini_color-square-yellow""></span>"
"<div class=""title""><a href=""006r01401/""><b>Xerox 006R01401</b></a></div><div class=""clear""/><div class=""links""><div class=""c-gray"">Подходит к принтерам:</div><a href=""""><b>Xerox</b></a>:
                  <a href=""/printer/xerox/workcentre_7425/"">WorkCentre 7425</a></div>",5100          ,4900          ,,"<span class=""rini_color-square-magenta""></span>"
"<div class=""title""><a href=""006r01402/""><b>Xerox 006R01402</b></a></div><div class=""clear""/><div class=""links""><div class=""c-gray"">Подходит к принтерам:</div><a href=""""><b>Xerox</b></a>:
                  <a href=""/printer/xerox/workcentre_7425/"">WorkCentre 7425</a></div>",5100          ,4900          ,,"<span class=""rini_color-square-cyan""></span>"
"<div class=""title""><a href=""006r01573/""><b>Xerox 006R01573</b></a></div><div class=""clear""/><div class=""links""><div class=""c-gray"">Подходит к принтерам:</div><a href=""""><b>Xerox</b></a>:
                  <a href=""/printer/xerox/wc5019/"">WorkCentre 5019</a>, <a href=""/printer/xerox/wc5021/"">WorkCentre 5021</a>, <a href=""/printer/xerox/wc5024d/"">WorkCentre 5024D</a></div>",2000          ,1800          ,3940,"<span class=""rini_color-square-black""></span>"
"<div class=""title""><a href=""006R01731/""><b>Xerox 006R01731</b></a></div><div class=""clear""/><div class=""links""><div class=""c-gray"">Подходит к принтерам:</div><a href=""""><b>Xerox</b></a>:
                  <a href=""/printer/xerox/b1022/"">B1022</a>, <a href=""/printer/xerox/b1025/"">B1025</a></div>",3950          ,3900          ,,"<span class=""rini_color-square-black""></span>"
"<div class=""title""><a href=""013r00559/""><b>Xerox 013R00559 /013R90144</b></a></div>",-          ,-          ,,"<span class=""rini_color-square-black""></span>"
"<div class=""title""><a href=""013r00589/""><b>Xerox 013R00589 DRUM</b></a></div><div class=""clear""/><div class=""links""><div class=""c-gray"">Подходит к принтерам:</div><a href=""""><b>Xerox</b></a>:
                  <a href=""/printer/xerox/wc-m118i/"">WorkCentre M118i</a>, <a href=""/printer/xerox/wc-pro-128/"">WorkCentre Pro 128</a>, <a href=""/printer/xerox/wc-m118/"">WorkCentre M118</a>, <a href=""/printer/xerox/wc-pro-123/"">WorkCentre Pro 123</a></div>",8100          ,7800          ,23040,"<span class=""rini_color-square-black""></span>"
"<div class=""title""><a href=""013r00591/""><b>Xerox 013R00591</b></a></div><div class=""clear""/><div class=""links""><div class=""c-gray"">Подходит к принтерам:</div><a href=""""><b>Xerox</b></a>:
                  <a href=""/printer/xerox/wc-5335/"">WorkCentre 5335 MFU</a></div>",-          ,-          ,19760,"<span class=""rini_color-square-black""></span>"
"<div class=""title""><a href=""013r00606/""><b>Xerox 013R00606</b></a></div><div class=""clear""/><div class=""links""><div class=""c-gray"">Подходит к принтерам:</div><a href=""""><b>Xerox</b></a>:
                  <a href=""/printer/xerox/wc-pe120/"">WorkCentre PE120</a>, <a href=""/printer/xerox/wc-pe120i/"">WorkCentre PE120i</a>, <a href=""/cartridge/samsung/""><b>Samsung</b></a>:
                  <a href=""/printer/samsung/scx-4520/"">SCX-4520</a>, <a href=""/printer/samsung/scx-4720f/"">SCX-4720F</a>, <a href=""/cartridge/canon/""><b>Canon</b></a>:
                  <a href=""/printer/canon/mp-l60/"">MultiPass L60</a></div>",1650          ,1550          ,2920,"<span class=""rini_color-square-black""></span>"
"<div class=""title""><a href=""013r00607/""><b>Xerox 013R00607</b></a></div><div class=""clear""/><div class=""links""><div class=""c-gray"">Подходит к принтерам:</div><a href=""""><b>Xerox</b></a>:
                  <a href=""/printer/xerox/wc-pe114e/"">WorkCentre PE114e</a></div>",1900          ,1700          ,,"<span class=""rini_color-square-black""></span>"
"<div class=""title""><a href=""013r00621/""><b>Xerox 013R00621</b></a></div><div class=""clear""/><div class=""links""><div class=""c-gray"">Подходит к принтерам:</div><a href=""""><b>Xerox</b></a>:
                  <a href=""/printer/xerox/wc-pe220/"">WorkCentre PE220</a></div>",1600          ,1500          ,11250,"<span class=""rini_color-square-black""></span>"
"<div class=""title""><a href=""013r00623/""><b>Xerox 013R00623 DRUM</b></a></div><div class=""clear""/><div class=""links""><div class=""c-gray"">Подходит к принтерам:</div><a href=""""><b>Xerox</b></a>:
                  <a href=""/printer/xerox/wc-4150/"">WorkCentre 4150</a></div>",-          ,-          ,26450,"<span class=""rini_color-square-black""></span>"
"<div class=""title""><a href=""013r00625/""><b>Xerox 013R00625</b></a></div><div class=""clear""/><div class=""links""><div class=""c-gray"">Подходит к принтерам:</div><a href=""""><b>Xerox</b></a>:
                  <a href=""/printer/xerox/wc-3119/"">WorkCentre 3119</a></div>",1900          ,1700          ,7260,"<span class=""rini_color-square-black""></span>"
"<div class=""title""><a href=""013r00647/""><b>Xerox 013R00647</b></a></div><div class=""clear""/><div class=""links""><div class=""c-gray"">Подходит к принтерам:</div><a href=""""><b>Xerox</b></a>:
                  <a href=""/printer/xerox/workcentre_7425/"">WorkCentre 7425</a></div>",7900          ,7600          ,,"<span class=""rini_color-square-black""></span>"
"<div class=""title""><a href=""013r00670/""><b>Xerox 013R00670</b></a></div><div class=""clear""/><div class=""links""><div class=""c-gray"">Подходит к принтерам:</div><a href=""""><b>Xerox</b></a>:
                  <a href=""/printer/xerox/wc5024d/"">WorkCentre 5024D</a></div>",-          ,-          ,18150,"<span class=""rini_color-square-black""></span>"
"<div class=""title""><a href=""101r00432/""><b>Xerox 101R00432 DRUM</b></a></div><div class=""clear""/><div class=""links""><div class=""c-gray"">Подходит к принтерам:</div><a href=""/cartridge/brother/""><b>Brother</b></a>:
                  <a href=""/printer/brother/mfc-7860/"">MFC-7860</a></div>",6200          ,6100          ,10150,"<span class=""rini_color-square-black""></span>"
"<div class=""title""><a href=""101r00434/""><b>Xerox 101R00434</b></a></div><div class=""clear""/><div class=""links""><div class=""c-gray"">Подходит к принтерам:</div><a href=""""><b>Xerox</b></a>:
                  <a href=""/printer/xerox/wc-5222/"">WorkCentre 5222</a></div>",6170          ,5990          ,12330,"<span class=""rini_color-square-black""></span>"
"<div class=""title""><a href=""101r00435/""><b>Xerox 101R00435</b></a></div><div class=""clear""/><div class=""links""><div class=""c-gray"">Подходит к принтерам:</div><a href=""""><b>Xerox</b></a>:
                  <a href=""/printer/xerox/wc-5230/"">WC 5230</a></div>",6400          ,6200          ,23030,"<span class=""rini_color-square-black""></span>"
"<div class=""title""><a href=""101r00474/""><b>Xerox 101R00474</b></a></div><div class=""clear""/><div class=""links""><div class=""c-gray"">Подходит к принтерам:</div><a href=""/cartridge/kyocera/""><b>Kyocera</b></a>:
                  <a href=""/printer/kyocera/p2040dw/"">ECOSYS P2040dw</a></div>",1900          ,1800          ,,"<span class=""rini_color-square-black""></span>"
"<div class=""title""><a href=""101r00555/""><b>Xerox 101R00555</b></a></div><div class=""clear""/><div class=""links""><div class=""c-gray"">Подходит к принтерам:</div><a href=""/cartridge/brother/""><b>Brother</b></a>:
                  <a href=""/printer/brother/dcp-9020/"">DCP-9020</a></div>",1900          ,1800          ,,"<span class=""rini_color-square-black""></span>"
"<div class=""title""><a href=""101r00664/""><b>Xerox 101R00664 DRUM</b></a></div><div class=""clear""/><div class=""links""><div class=""c-gray"">Подходит к принтерам:</div><a href=""""><b>Xerox</b></a>:
                  <a href=""/printer/xerox/b215/"">B215</a></div>",1600          ,1550          ,,"<span class=""rini_color-square-black""></span>"
"<div class=""title""><a href=""106r00462/""><b>Xerox 106R00462</b></a></div><div class=""clear""/><div class=""links""><div class=""c-gray"">Подходит к принтерам:</div><a href=""""><b>Xerox</b></a>:
                  <a href=""/printer/xerox/phaser-3400/"">Phaser 3400</a></div>",-          ,-          ,,"<span class=""rini_color-square-black""></span>"
"<div class=""title""><a href=""106r00462-og/""><b>Xerox 106R00462 ОГ</b></a></div><div class=""clear""/><div class=""links""><div class=""c-gray"">Подходит к принтерам:</div><a href=""""><b>Xerox</b></a>:
                  <a href=""/printer/xerox/wc-5335/"">WorkCentre 5335 MFU</a></div>",-          ,-          ,,"<span class=""rini_color-square-black""></span>"
"<div class=""title""><a href=""106r00586/""><b>Xerox 106R00586</b></a></div><div class=""clear""/><div class=""links""><div class=""c-gray"">Подходит к принтерам:</div><a href=""""><b>Xerox</b></a>:
                  <a href=""/printer/xerox/workcentre-pro-412/"">WorkCentre Pro 412</a>, <a href=""/printer/xerox/faxcentre-f12/"">FaxCentre F12</a>, <a href=""/printer/xerox/workcentre-m15/"">WorkCentre M15</a>, <a href=""/printer/xerox/workcentre-m15i/"">WorkCentre M15i</a>, <a href=""/printer/xerox/wc-312/"">WorkCentre 312</a></div>",1850          ,1740          ,4240,"<span class=""rini_color-square-black""></span>"
"<div class=""title""><a href=""106r00646/""><b>Xerox 106R00646</b></a></div><div class=""clear""/><div class=""links""><div class=""c-gray"">Подходит к принтерам:</div><a href=""""><b>Xerox</b></a>:
                  <a href=""/printer/xerox/phaser-3310/"">Phaser 3310</a>, <a href=""/cartridge/samsung/""><b>Samsung</b></a>:
                  <a href=""/printer/samsung/sf-340/"">SF-340</a></div>",3500          ,2900          ,,"<span class=""rini_color-square-black""></span>"
"<div class=""title""><a href=""106r00676/""><b>Xerox 106R00676</b></a></div><div class=""clear""/><div class=""links""><div class=""c-gray"">Подходит к принтерам:</div><a href=""""><b>Xerox</b></a>:
                  <a href=""/printer/xerox/phaser-6100/"">Phaser 6100</a></div>",-          ,-          ,6200,"<span class=""rini_color-square-cyan""></span>"
"<div class=""title""><a href=""106r00677/""><b>Xerox 106R00677</b></a></div><div class=""clear""/><div class=""links""><div class=""c-gray"">Подходит к принтерам:</div><a href=""""><b>Xerox</b></a>:
                  <a href=""/printer/xerox/phaser-6100/"">Phaser 6100</a></div>",-          ,-          ,9770,"<span class=""rini_color-square-magenta""></span>"
"<div class=""title""><a href=""106r00678/""><b>Xerox 106R00678</b></a></div><div class=""clear""/><div class=""links""><div class=""c-gray"">Подходит к принтерам:</div><a href=""""><b>Xerox</b></a>:
                  <a href=""/printer/xerox/phaser-6100/"">Phaser 6100</a></div>",-          ,-          ,9770,"<span class=""rini_color-square-yellow""></span>"
"<div class=""title""><a href=""106r00679/""><b>Xerox 106R00679</b></a></div><div class=""clear""/><div class=""links""><div class=""c-gray"">Подходит к принтерам:</div><a href=""""><b>Xerox</b></a>:
                  <a href=""/printer/xerox/phaser-6100/"">Phaser 6100</a></div>",-          ,-          ,8520,"<span class=""rini_color-square-black""></span>"
"<div class=""title""><a href=""106r01034/""><b>Xerox 106R01034</b></a></div><div class=""clear""/><div class=""links""><div class=""c-gray"">Подходит к принтерам:</div><a href=""""><b>Xerox</b></a>:
                  <a href=""/printer/xerox/phaser-3420/"">Phaser 3420</a>, <a href=""/printer/xerox/phaser-3425/"">Phaser 3425</a>, <a href=""/cartridge/samsung/""><b>Samsung</b></a>:
                  <a href=""/printer/samsung/ml-2550/"">ML-2550</a>, <a href=""/printer/samsung/ml-2551/"">ML-2551</a>, <a href=""/printer/samsung/ml-2552/"">ML-2552</a></div>",-          ,-          ,,"<span class=""rini_color-square-black""></span>"
"<div class=""title""><a href=""106r01048/""><b>Xerox 106R01048</b></a></div><div class=""clear""/><div class=""links""><div class=""c-gray"">Подходит к принтерам:</div><a href=""""><b>Xerox</b></a>:
                  <a href=""/printer/xerox/wc-m20/"">WorkCentre M20</a>, <a href=""/printer/xerox/wc-m20i/"">WorkCentre M20i</a>, <a href=""/cartridge/samsung/""><b>Samsung</b></a>:
                  <a href=""/printer/samsung/ml-6220/"">ML-6220</a>, <a href=""/printer/samsung/ml-6320f/"">ML-6320F</a></div>",2700          ,2600          ,,"<span class=""rini_color-square-black""></span>"
"<div class=""title""><a href=""106r01149/""><b>Xerox 106R01149</b></a></div><div class=""clear""/><div class=""links""><div class=""c-gray"">Подходит к принтерам:</div><a href=""""><b>Xerox</b></a>:
                  <a href=""/printer/xerox/phaser-3500/"">Phaser 3500</a></div>",-          ,-          ,5500,"<span class=""rini_color-square-black""></span>"
"<div class=""title""><a href=""106r01159/""><b>Xerox 106R01159</b></a></div><div class=""clear""/><div class=""links""><div class=""c-gray"">Подходит к принтерам:</div><a href=""""><b>Xerox</b></a>:
                  <a href=""/printer/xerox/phaser-3117/"">Phaser 3117</a>, <a href=""/printer/xerox/phaser-3122/"">Phaser 3122</a>, <a href=""/printer/xerox/phaser-3124/"">Phaser 3124</a>, <a href=""/printer/xerox/phaser-3125/"">Phaser 3125</a></div>",1450          ,1400          ,3300,"<span class=""rini_color-square-black""></span>"
"<div class=""title""><a href=""106r01159-og/""><b>Xerox 106R01159 (ОГ)</b></a></div><div class=""clear""/><div class=""links""><div class=""c-gray"">Подходит к принтерам:</div><a href=""/cartridge/canon/""><b>Canon</b></a>:
                  <a href=""/printer/canon/i-sensys-lbp312x/"">i-SENSYS LBP312x</a></div>",-          ,-          ,,"<span class=""rini_color-square-black""></span>"
"<div class=""title""><a href=""106r01160/""><b>Xerox 106R01160</b></a></div><div class=""clear""/><div class=""links""><div class=""c-gray"">Подходит к принтерам:</div><a href=""""><b>Xerox</b></a>:
                  <a href=""/printer/xerox/phaser-7760/"">Phaser 7760</a></div>",-          ,-          ,14950,"<span class=""rini_color-square-cyan""></span>"
"<div class=""title""><a href=""106R01203/""><b>Xerox 106R01203</b></a></div><div class=""clear""/><div class=""links""><div class=""c-gray"">Подходит к принтерам:</div><a href=""""><b>Xerox</b></a>:
                  <a href=""/printer/xerox/phaser-6110/"">Phaser 6110</a>, <a href=""/printer/xerox/phaser-6110mfp/"">Phaser 6110mfp</a>, <a href=""/cartridge/samsung/""><b>Samsung</b></a>:
                  <a href=""/printer/samsung/clp-300/"">CLP-300</a></div>",1100          ,990          ,3500,"<span class=""rini_color-square-black""></span>"
"<div class=""title""><a href=""106R01204/""><b>Xerox 106R01204</b></a></div><div class=""clear""/><div class=""links""><div class=""c-gray"">Подходит к принтерам:</div><a href=""/cartridge/samsung/""><b>Samsung</b></a>:
                  <a href=""/printer/samsung/clp-300/"">CLP-300</a></div>",1100          ,990          ,2200,"<span class=""rini_color-square-yellow""></span>"
"<div class=""title""><a href=""106R01205/""><b>Xerox 106R01205</b></a></div><div class=""clear""/><div class=""links""><div class=""c-gray"">Подходит к принтерам:</div><a href=""/cartridge/samsung/""><b>Samsung</b></a>:
                  <a href=""/printer/samsung/clp-300/"">CLP-300</a></div>",1100          ,990          ,2200,"<span class=""rini_color-square-magenta""></span>"
"<div class=""title""><a href=""106R01206/""><b>Xerox 106R01206</b></a></div><div class=""clear""/><div class=""links""><div class=""c-gray"">Подходит к принтерам:</div><a href=""/cartridge/samsung/""><b>Samsung</b></a>:
                  <a href=""/printer/samsung/clp-300/"">CLP-300</a></div>",1100          ,990          ,2200,"<span class=""rini_color-square-cyan""></span>"
"<div class=""title""><a href=""106r01246/""><b>Xerox 106R01246</b></a></div><div class=""clear""/><div class=""links""><div class=""c-gray"">Подходит к принтерам:</div><a href=""/cartridge/panasonic/""><b>Panasonic</b></a>:
                  <a href=""/printer/panasonic/kx-fp85/"">KX-FP85</a></div>",1620          ,1570          ,6500,"<span class=""rini_color-square-black""></span>"
"<div class=""title""><a href=""106r01277/""><b>Xerox 106R01277 (2шт/уп)</b></a></div><div class=""clear""/><div class=""links""><div class=""c-gray"">Подходит к принтерам:</div><a href=""""><b>Xerox</b></a>:
                  <a href=""/printer/xerox/wc-5020/"">WorkCentre 5020</a>, <a href=""/printer/xerox/wc-5016/"">WorkCentre 5016</a></div>",1200          ,1100          ,3540,"<span class=""rini_color-square-black""></span>"
"<div class=""title""><a href=""106r01282/""><b>Xerox 106R01282</b></a></div><div class=""clear""/><div class=""links""><div class=""c-gray"">Подходит к принтерам:</div><a href=""""><b>Xerox</b></a>:
                  <a href=""/printer/xerox/phaser-6130n/"">Phaser 6130N</a></div>",1800          ,1700          ,10980,"<span class=""rini_color-square-cyan""></span>"
"<div class=""title""><a href=""106r01283/""><b>Xerox 106R01283</b></a></div><div class=""clear""/><div class=""links""><div class=""c-gray"">Подходит к принтерам:</div><a href=""""><b>Xerox</b></a>:
                  <a href=""/printer/xerox/phaser-6130n/"">Phaser 6130N</a></div>",1800          ,1700          ,10980,"<span class=""rini_color-square-magenta""></span>"
"<div class=""title""><a href=""106r01284/""><b>Xerox 106R01284</b></a></div><div class=""clear""/><div class=""links""><div class=""c-gray"">Подходит к принтерам:</div><a href=""""><b>Xerox</b></a>:
                  <a href=""/printer/xerox/phaser-6130n/"">Phaser 6130N</a></div>",1800          ,1700          ,10980,"<span class=""rini_color-square-yellow""></span>"
"<div class=""title""><a href=""106r01285/""><b>Xerox 106R01285</b></a></div><div class=""clear""/><div class=""links""><div class=""c-gray"">Подходит к принтерам:</div><a href=""""><b>Xerox</b></a>:
                  <a href=""/printer/xerox/phaser-6130n/"">Phaser 6130N</a></div>",1800          ,1700          ,,"<span class=""rini_color-square-black""></span>"
"<div class=""title""><a href=""106r01305/""><b>Xerox 106R01305</b></a></div><div class=""clear""/><div class=""links""><div class=""c-gray"">Подходит к принтерам:</div><a href=""""><b>Xerox</b></a>:
                  <a href=""/printer/xerox/wc-5225/"">WC 5225</a>, <a href=""/printer/xerox/wc-5230/"">WC 5230</a></div>",1900          ,1850          ,4500,"<span class=""rini_color-square-black""></span>"
"<div class=""title""><a href=""106r01370/""><b>Xerox 106R01370</b></a></div><div class=""clear""/><div class=""links""><div class=""c-gray"">Подходит к принтерам:</div><a href=""""><b>Xerox</b></a>:
                  <a href=""/printer/xerox/phaser-3600/"">Phaser 3600</a></div>",-          ,-          ,15620,"<span class=""rini_color-square-black""></span>"
"<div class=""title""><a href=""106r01371/""><b>Xerox 106R01371</b></a></div><div class=""clear""/><div class=""links""><div class=""c-gray"">Подходит к принтерам:</div><a href=""""><b>Xerox</b></a>:
                  <a href=""/printer/xerox/phaser-3600/"">Phaser 3600</a></div>",-          ,-          ,5250,"<span class=""rini_color-square-black""></span>"
"<div class=""title""><a href=""106r01372/""><b>Xerox 106R01372</b></a></div><div class=""clear""/><div class=""links""><div class=""c-gray"">Подходит к принтерам:</div><a href=""""><b>Xerox</b></a>:
                  <a href=""/printer/xerox/phaser-3600/"">Phaser 3600</a></div>",4290          ,4190          ,4120,"<span class=""rini_color-square-black""></span>"
"<div class=""title""><a href=""106r01372-og/""><b>Xerox 106R01372 ОГ</b></a></div><div class=""clear""/><div class=""links""><div class=""c-gray"">Подходит к принтерам:</div><a href=""""><b>Xerox</b></a>:
                  <a href=""/printer/xerox/wc-5335/"">WorkCentre 5335 MFU</a></div>",-          ,-          ,,"<span class=""rini_color-square-black""></span>"
"<div class=""title""><a href=""106r01373/""><b>Xerox 106R01373</b></a></div><div class=""clear""/><div class=""links""><div class=""c-gray"">Подходит к принтерам:</div><a href=""""><b>Xerox</b></a>:
                  <a href=""/printer/xerox/phaser-3250/"">Phaser 3250</a></div>",-          ,-          ,11250,"<span class=""rini_color-square-black""></span>"
"<div class=""title""><a href=""106r01374/""><b>Xerox 106R01374</b></a></div><div class=""clear""/><div class=""links""><div class=""c-gray"">Подходит к принтерам:</div><a href=""""><b>Xerox</b></a>:
                  <a href=""/printer/xerox/phaser-3250/"">Phaser 3250</a></div>",2050          ,2000          ,,"<span class=""rini_color-square-black""></span>"
"<div class=""title""><a href=""106r01378/""><b>Xerox 106R01378</b></a></div><div class=""clear""/><div class=""links""><div class=""c-gray"">Подходит к принтерам:</div><a href=""""><b>Xerox</b></a>:
                  <a href=""/printer/xerox/phaser-3100mfp/"">Phaser 3100MFP/S (МФУ)</a></div>",-          ,-          ,9570,"<span class=""rini_color-square-black""></span>"
"<div class=""title""><a href=""106r01379/""><b>Xerox 106R01379</b></a></div><div class=""clear""/><div class=""links""><div class=""c-gray"">Подходит к принтерам:</div><a href=""""><b>Xerox</b></a>:
                  <a href=""/printer/xerox/phaser-3100mfp/"">Phaser 3100MFP/S (МФУ)</a></div>",2250          ,2200          ,15320,"<span class=""rini_color-square-black""></span>"
"<div class=""title""><a href=""106r01411/""><b>Xerox 106R01411</b></a></div><div class=""clear""/><div class=""links""><div class=""c-gray"">Подходит к принтерам:</div><a href=""""><b>Xerox</b></a>:
                  <a href=""/printer/xerox/phaser-3300mfp/"">Phaser 3300MFP</a></div>",-          ,-          ,14020,"<span class=""rini_color-square-black""></span>"
"<div class=""title""><a href=""106r01412/""><b>Xerox 106R01412</b></a></div><div class=""clear""/><div class=""links""><div class=""c-gray"">Подходит к принтерам:</div><a href=""""><b>Xerox</b></a>:
                  <a href=""/printer/xerox/phaser-3300mfp/"">Phaser 3300MFP</a></div>",1620          ,1570          ,6690,"<span class=""rini_color-square-black""></span>"
"<div class=""title""><a href=""106r01413/""><b>Xerox 106R01413</b></a></div><div class=""clear""/><div class=""links""><div class=""c-gray"">Подходит к принтерам:</div><a href=""""><b>Xerox</b></a>:
                  <a href=""/printer/xerox/wc-5222/"">WorkCentre 5222</a></div>",1900          ,1850          ,8490,"<span class=""rini_color-square-black""></span>"
"<div class=""title""><a href=""106r01414/""><b>Xerox 106R01414</b></a></div><div class=""clear""/><div class=""links""><div class=""c-gray"">Подходит к принтерам:</div><a href=""""><b>Xerox</b></a>:
                  <a href=""/printer/xerox/phaser-3435/"">Phaser 3435</a></div>",-          ,-          ,12510,"<span class=""rini_color-square-black""></span>"
"<div class=""title""><a href=""106r01415/""><b>Xerox 106R01415</b></a></div><div class=""clear""/><div class=""links""><div class=""c-gray"">Подходит к принтерам:</div><a href=""""><b>Xerox</b></a>:
                  <a href=""/printer/xerox/phaser-3435/"">Phaser 3435</a></div>",2700          ,2600          ,3950,"<span class=""rini_color-square-black""></span>"
"<div class=""title""><a href=""106r01463/""><b>Xerox 106R01463</b></a></div><div class=""clear""/><div class=""links""><div class=""c-gray"">Подходит к принтерам:</div><a href=""""><b>Xerox</b></a>:
                  <a href=""/printer/xerox/phaser-6121mfp-s/"">Phaser 6121MFP/S</a></div>",-          ,-          ,9750,"<span class=""rini_color-square-cyan""></span>"
"<div class=""title""><a href=""106r01464/""><b>Xerox 106R01464</b></a></div><div class=""clear""/><div class=""links""><div class=""c-gray"">Подходит к принтерам:</div><a href=""""><b>Xerox</b></a>:
                  <a href=""/printer/xerox/phaser-6121mfp-s/"">Phaser 6121MFP/S</a></div>",-          ,-          ,9750,"<span class=""rini_color-square-magenta""></span>"
"<div class=""title""><a href=""106r01465/""><b>Xerox 106R01465</b></a></div><div class=""clear""/><div class=""links""><div class=""c-gray"">Подходит к принтерам:</div><a href=""""><b>Xerox</b></a>:
                  <a href=""/printer/xerox/phaser-6121mfp-s/"">Phaser 6121MFP/S</a></div>",-          ,-          ,9750,"<span class=""rini_color-square-yellow""></span>"
"<div class=""title""><a href=""106r01473/""><b>Xerox 106R01473</b></a></div><div class=""clear""/><div class=""links""><div class=""c-gray"">Подходит к принтерам:</div><a href=""""><b>Xerox</b></a>:
                  <a href=""/printer/xerox/phaser-6121mfp-s/"">Phaser 6121MFP/S</a></div>",-          ,-          ,8820,"<span class=""rini_color-square-cyan""></span>"
"<div class=""title""><a href=""106r01474/""><b>Xerox 106R01474</b></a></div><div class=""clear""/><div class=""links""><div class=""c-gray"">Подходит к принтерам:</div><a href=""""><b>Xerox</b></a>:
                  <a href=""/printer/xerox/phaser-6121mfp-s/"">Phaser 6121MFP/S</a></div>",-          ,-          ,8820,"<span class=""rini_color-square-magenta""></span>"
"<div class=""title""><a href=""106r01475/""><b>Xerox 106R01475</b></a></div><div class=""clear""/><div class=""links""><div class=""c-gray"">Подходит к принтерам:</div><a href=""""><b>Xerox</b></a>:
                  <a href=""/printer/xerox/phaser-6121mfp-s/"">Phaser 6121MFP/S</a></div>",-          ,-          ,8820,"<span class=""rini_color-square-yellow""></span>"
"<div class=""title""><a href=""106r01476/""><b>Xerox 106R01476</b></a></div><div class=""clear""/><div class=""links""><div class=""c-gray"">Подходит к принтерам:</div><a href=""""><b>Xerox</b></a>:
                  <a href=""/printer/xerox/phaser-6121mfp-s/"">Phaser 6121MFP/S</a></div>",-          ,-          ,9460,"<span class=""rini_color-square-black""></span>"
"<div class=""title""><a href=""106r01485/""><b>Xerox 106R01485</b></a></div><div class=""clear""/><div class=""links""><div class=""c-gray"">Подходит к принтерам:</div><a href=""""><b>Xerox</b></a>:
                  <a href=""/printer/xerox/wc-3210/"">WorkCentre 3210</a>, <a href=""/printer/xerox/wc-3220/"">WorkCentre 3220</a>, <a href=""/printer/xerox/wc-3210n/"">WorkCentre 3210n</a>, <a href=""/printer/xerox/wc-3220dn/"">WorkCentre 3220dn</a></div>",-          ,-          ,6390,"<span class=""rini_color-square-black""></span>"
"<div class=""title""><a href=""106r01487/""><b>Xerox 106R01487</b></a></div><div class=""clear""/><div class=""links""><div class=""c-gray"">Подходит к принтерам:</div><a href=""""><b>Xerox</b></a>:
                  <a href=""/printer/xerox/wc-3220dn/"">WorkCentre 3220dn</a></div>",1900          ,1850          ,10790,"<span class=""rini_color-square-black""></span>"
"<div class=""title""><a href=""106r01487-og/""><b>Xerox 106R01487 (ОГ)</b></a></div><div class=""clear""/><div class=""links""><div class=""c-gray"">Подходит к принтерам:</div><a href=""/cartridge/canon/""><b>Canon</b></a>:
                  <a href=""/printer/canon/i-sensys-lbp312x/"">i-SENSYS LBP312x</a></div>",1300          ,-          ,,"<span class=""rini_color-square-black""></span>"
"<div class=""title""><a href=""106r01529/""><b>Xerox 106R01529</b></a></div><div class=""clear""/><div class=""links""><div class=""c-gray"">Подходит к принтерам:</div><a href=""""><b>Xerox</b></a>:
                  <a href=""/printer/xerox/wc-3550/"">WorkCentre 3550</a></div>",-          ,-          ,12990,"<span class=""rini_color-square-black""></span>"
"<div class=""title""><a href=""106r01530/""><b>Xerox 106R01531/106R01530</b></a></div><div class=""clear""/><div class=""links""><div class=""c-gray"">Подходит к принтерам:</div><a href=""""><b>Xerox</b></a>:
                  <a href=""/printer/xerox/wc-3550/"">WorkCentre 3550</a></div>",1620          ,1570          ,11520,"<span class=""rini_color-square-black""></span>"
"<div class=""title""><a href=""106r01601/""><b>Xerox 106R01601</b></a></div><div class=""clear""/><div class=""links""><div class=""c-gray"">Подходит к принтерам:</div><a href=""""><b>Xerox</b></a>:
                  <a href=""/printer/xerox/phaser-6500/"">Phaser 6500</a></div>",1350          ,1290          ,,"<span class=""rini_color-square-cyan""></span>"
"<div class=""title""><a href=""106r01602/""><b>Xerox 106R01602</b></a></div><div class=""clear""/><div class=""links""><div class=""c-gray"">Подходит к принтерам:</div><a href=""""><b>Xerox</b></a>:
                  <a href=""/printer/xerox/phaser-6500/"">Phaser 6500</a></div>",1350          ,1290          ,,"<span class=""rini_color-square-magenta""></span>"
"<div class=""title""><a href=""106r01603/""><b>Xerox 106R01603</b></a></div><div class=""clear""/><div class=""links""><div class=""c-gray"">Подходит к принтерам:</div><a href=""""><b>Xerox</b></a>:
                  <a href=""/printer/xerox/phaser-6500/"">Phaser 6500</a></div>",1350          ,1290          ,,"<span class=""rini_color-square-yellow""></span>"
"<div class=""title""><a href=""106r01604/""><b>Xerox 106R01604</b></a></div><div class=""clear""/><div class=""links""><div class=""c-gray"">Подходит к принтерам:</div><a href=""""><b>Xerox</b></a>:
                  <a href=""/printer/xerox/phaser-6500/"">Phaser 6500</a></div>",1350          ,1290          ,,"<span class=""rini_color-square-black""></span>"
"<div class=""title""><a href=""106r01631/""><b>Xerox 106R01631</b></a></div><div class=""clear""/><div class=""links""><div class=""c-gray"">Подходит к принтерам:</div><a href=""""><b>Xerox</b></a>:
                  <a href=""/printer/xerox/phaser-6000/"">Phaser 6000</a>, <a href=""/printer/xerox/phaser-6010/"">Phaser 6010</a></div>",1900          ,1850          ,5740,"<span class=""rini_color-square-cyan""></span>"
"<div class=""title""><a href=""106r01632/""><b>Xerox 106R01632</b></a></div><div class=""clear""/><div class=""links""><div class=""c-gray"">Подходит к принтерам:</div><a href=""""><b>Xerox</b></a>:
                  <a href=""/printer/xerox/phaser-6010/"">Phaser 6010</a></div>",1900          ,1850          ,5740,"<span class=""rini_color-square-magenta""></span>"
"<div class=""title""><a href=""106r01633/""><b>Xerox 106R01633</b></a></div><div class=""clear""/><div class=""links""><div class=""c-gray"">Подходит к принтерам:</div><a href=""""><b>Xerox</b></a>:
                  <a href=""/printer/xerox/phaser-6010/"">Phaser 6010</a></div>",1900          ,1850          ,5740,"<span class=""rini_color-square-yellow""></span>"
"<div class=""title""><a href=""106r01634/""><b>Xerox 106R01634</b></a></div><div class=""clear""/><div class=""links""><div class=""c-gray"">Подходит к принтерам:</div><a href=""""><b>Xerox</b></a>:
                  <a href=""/printer/xerox/phaser-6010/"">Phaser 6010</a>, <a href=""/printer/xerox/wc-6015/"">WC 6015</a></div>",1900          ,1850          ,7750,"<span class=""rini_color-square-black""></span>"
"<div class=""title""><a href=""106r02181/""><b>Xerox 106R02181</b></a></div><div class=""clear""/><div class=""links""><div class=""c-gray"">Подходит к принтерам:</div><a href=""""><b>Xerox</b></a>:
                  <a href=""/printer/xerox/wc-3045/"">WorkCentre 3045</a></div>",-          ,-          ,,"<span class=""rini_color-square-black""></span>"
"<div class=""title""><a href=""106r02183/""><b>Xerox 106R02183</b></a></div><div class=""clear""/><div class=""links""><div class=""c-gray"">Подходит к принтерам:</div><a href=""""><b>Xerox</b></a>:
                  <a href=""/printer/xerox/phaser-3010/"">Phaser 3010</a>, <a href=""/printer/xerox/wc-3045/"">WorkCentre 3045</a></div>",1290          ,1190          ,4850,"<span class=""rini_color-square-black""></span>"
"<div class=""title""><a href=""106r02306/""><b>Xerox 106R02306</b></a></div><div class=""clear""/><div class=""links""><div class=""c-gray"">Подходит к принтерам:</div><a href=""""><b>Xerox</b></a>:
                  <a href=""/printer/xerox/phaser-3320/"">Phaser 3320DNI</a></div>",1950          ,1900          ,,"<span class=""rini_color-square-black""></span>"
"<div class=""title""><a href=""106r02310/""><b>Xerox 106R02310</b></a></div><div class=""clear""/><div class=""links""><div class=""c-gray"">Подходит к принтерам:</div><a href=""""><b>Xerox</b></a>:
                  <a href=""/printer/xerox/wc-3315/"">WC 3315</a>, <a href=""/printer/xerox/wc-3325/"">WC 3325</a>, <a href=""/printer/xerox/wc-3325dni/"">WorkCentre 3325DNI</a></div>",2400          ,2300          ,9580,"<span class=""rini_color-square-black""></span>"
"<div class=""title""><a href=""106r02312/""><b>Xerox 106R02312</b></a></div><div class=""clear""/><div class=""links""><div class=""c-gray"">Подходит к принтерам:</div><a href=""/cartridge/kyocera/""><b>Kyocera</b></a>:
                  <a href=""/printer/kyocera/fs-1100/"">FS-1100</a></div>",2700          ,2500          ,12190,"<span class=""rini_color-square-black""></span>"
"<div class=""title""><a href=""106r02773/""><b>Xerox 106R02773</b></a></div><div class=""clear""/><div class=""links""><div class=""c-gray"">Подходит к принтерам:</div><a href=""""><b>Xerox</b></a>:
                  <a href=""/printer/xerox/phaser-3020/"">Phaser 3020</a>, <a href=""/printer/xerox/wc-3025/"">WC 3025</a></div>",1900          ,1800          ,,"<span class=""rini_color-square-black""></span>"
"<div class=""title""><a href=""106r02778/""><b>Xerox 106R02778</b></a></div><div class=""clear""/><div class=""links""><div class=""c-gray"">Подходит к принтерам:</div><a href=""""><b>Xerox</b></a>:
                  <a href=""/printer/xerox/phaser-3052/"">Phaser 3052</a>, <a href=""/printer/xerox/phaser-3260/"">Phaser 3260</a>, <a href=""/printer/xerox/wc-3215/"">WorkCentre 3215</a>, <a href=""/printer/xerox/wc-3225dn/"">WorkCentre 3225DN</a></div>",1900          ,1800          ,,"<span class=""rini_color-square-black""></span>"
"<div class=""title""><a href=""106r02782/""><b>Xerox 106R02782</b></a></div><div class=""clear""/><div class=""links""><div class=""c-gray"">Подходит к принтерам:</div><a href=""""><b>Xerox</b></a>:
                  <a href=""/printer/xerox/wc-3225dn/"">WorkCentre 3225DN</a></div>",-          ,-          ,7400,"<span class=""rini_color-square-black""></span>"
"<div class=""title""><a href=""106r03623/""><b>Xerox 106R03623</b></a></div><div class=""clear""/><div class=""links""><div class=""c-gray"">Подходит к принтерам:</div><a href=""""><b>Xerox</b></a>:
                  <a href=""/printer/xerox/phaser-3330/"">MFP Phaser 3330</a>, <a href=""/printer/xerox/wc-3335/"">WC 3335</a>, <a href=""/printer/xerox/wc-3345/"">WC 3345</a></div>",3100          ,2950          ,14770,"<span class=""rini_color-square-black""></span>"
"<div class=""title""><a href=""106r04348/""><b>Xerox 106R04348 БЕЗ ЧИПА</b></a></div><div class=""clear""/><div class=""links""><div class=""c-gray"">Подходит к принтерам:</div><a href=""""><b>Xerox</b></a>:
                  <a href=""/printer/xerox/b205/"">B205</a>, <a href=""/printer/xerox/b210/"">B210</a>, <a href=""/printer/xerox/b215/"">B215</a></div>",1400          ,1300          ,,"<span class=""rini_color-square-black""></span>"
"<div class=""title""><a href=""106r04348-chip/""><b>Xerox 106R04348 С ЧИПОМ</b></a></div><div class=""clear""/><div class=""links""><div class=""c-gray"">Подходит к принтерам:</div><a href=""/cartridge/kyocera/""><b>Kyocera</b></a>:
                  <a href=""/printer/kyocera/ecosys-p3155dn/"">Ecosys P3155DN</a></div>",2650          ,2600          ,,"<span class=""rini_color-square-black""></span>"
"<div class=""title""><a href=""108r00794/""><b>Xerox 108R00794</b></a></div><div class=""clear""/><div class=""links""><div class=""c-gray"">Подходит к принтерам:</div><a href=""""><b>Xerox</b></a>:
                  <a href=""/printer/xerox/phaser-3635mfp/"">Phaser 3635MFP</a></div>",-          ,-          ,11880,"<span class=""rini_color-square-black""></span>"
"<div class=""title""><a href=""108r00796/""><b>Xerox 108R00796</b></a></div><div class=""clear""/><div class=""links""><div class=""c-gray"">Подходит к принтерам:</div><a href=""""><b>Xerox</b></a>:
                  <a href=""/printer/xerox/phaser-3635mfp/"">Phaser 3635MFP</a></div>",3500          ,3300          ,8000,"<span class=""rini_color-square-black""></span>"
"<div class=""title""><a href=""108r00908/""><b>Xerox 108R00908</b></a></div><div class=""clear""/><div class=""links""><div class=""c-gray"">Подходит к принтерам:</div><a href=""""><b>Xerox</b></a>:
                  <a href=""/printer/xerox/phaser-3140/"">Phaser 3140</a>, <a href=""/printer/xerox/phaser-3155/"">Phaser 3155</a>, <a href=""/printer/xerox/phaser-3160/"">Phaser 3160</a></div>",-          ,-          ,,"<span class=""rini_color-square-black""></span>"
"<div class=""title""><a href=""108r00909/""><b>Xerox 108R00909</b></a></div><div class=""clear""/><div class=""links""><div class=""c-gray"">Подходит к принтерам:</div><a href=""""><b>Xerox</b></a>:
                  <a href=""/printer/xerox/phaser-3160/"">Phaser 3160</a></div>",1650          ,1550          ,4000,"<span class=""rini_color-square-black""></span>"
"<div class=""title""><a href=""108r00982/""><b>Xerox 108R00982</b></a></div><div class=""clear""/><div class=""links""><div class=""c-gray"">Подходит к принтерам:</div><a href=""""><b>Xerox</b></a>:
                  <a href=""/printer/xerox/phaser-7800/"">Phaser 7800</a></div>",2500          ,2300          ,,"<span class=""rini_color-square-black""></span>"
"<div class=""title""><a href=""109r00639/""><b>Xerox 109R00639</b></a></div><div class=""clear""/><div class=""links""><div class=""c-gray"">Подходит к принтерам:</div><a href=""""><b>Xerox</b></a>:
                  <a href=""/printer/xerox/phaser-3110/"">Phaser 3110</a>, <a href=""/printer/xerox/phaser-3210/"">Phaser 3210</a></div>",1550          ,1450          ,3500,"<span class=""rini_color-square-black""></span>"
"<div class=""title""><a href=""109r00725-og/""><b>Xerox 109R00725 ОГ</b></a></div><div class=""clear""/><div class=""links""><div class=""c-gray"">Подходит к принтерам:</div><a href=""""><b>Xerox</b></a>:
                  <a href=""/printer/xerox/wc-5335/"">WorkCentre 5335 MFU</a></div>",1150          ,1050          ,,"<span class=""rini_color-square-black""></span>"
"<div class=""title""><a href=""109r00746/""><b>Xerox 109R00746</b></a></div><div class=""clear""/><div class=""links""><div class=""c-gray"">Подходит к принтерам:</div><a href=""/cartridge/brother/""><b>Brother</b></a>:
                  <a href=""/printer/brother/mfc-7860/"">MFC-7860</a></div>",-          ,-          ,12200,"<span class=""rini_color-square-black""></span>"
"<div class=""title""><a href=""109r00747/""><b>Xerox 109R00747</b></a></div><div class=""clear""/><div class=""links""><div class=""c-gray"">Подходит к принтерам:</div><a href=""""><b>Xerox</b></a>:
                  <a href=""/printer/xerox/phaser-3150/"">Phaser 3150</a></div>",1450          ,1250          ,3500,"<span class=""rini_color-square-black""></span>"
"<div class=""title""><a href=""109r00747-og/""><b>Xerox 109R00747  ОГ</b></a></div><div class=""clear""/><div class=""links""><div class=""c-gray"">Подходит к принтерам:</div><a href=""/cartridge/epson/""><b>Epson</b></a>:
                  <a href=""/printer/epson/al-alm2300/"">AcuLaser ALM2300</a></div>",-          ,-          ,,"<span class=""rini_color-square-black""></span>"
"<div class=""title""><a href=""109r00748/""><b>Xerox 109R00748</b></a></div><div class=""clear""/><div class=""links""><div class=""c-gray"">Подходит к принтерам:</div><a href=""""><b>Xerox</b></a>:
                  <a href=""/printer/xerox/phaser-3116/"">Phaser 3116</a></div>",1800          ,1700          ,9890,"<span class=""rini_color-square-black""></span>"
"<div class=""title""><a href=""113r00195/""><b>Xerox 113R00195</b></a></div><div class=""clear""/><div class=""links""><div class=""c-gray"">Подходит к принтерам:</div><a href=""""><b>Xerox</b></a>:
                  <a href=""/printer/xerox/dp-n4525/"">DocuPrint N4525</a></div>",-          ,-          ,,"<span class=""rini_color-square-black""></span>"
"<div class=""title""><a href=""113r00296/""><b>Xerox 113R00296 (603P06174)</b></a></div><div class=""clear""/><div class=""links""><div class=""c-gray"">Подходит к принтерам:</div><a href=""""><b>Xerox</b></a>:
                  <a href=""/printer/xerox/dp-p8e/"">DocuPrint P8e</a>, <a href=""/printer/xerox/dp-p8ex/"">DocuPrint P8ex</a>, <a href=""/printer/xerox/wc-385/"">WorkCentre 385</a></div>",-          ,-          ,9500,"<span class=""rini_color-square-black""></span>"
"<div class=""title""><a href=""113r00443/""><b>Xerox 113R00443</b></a></div><div class=""clear""/><div class=""links""><div class=""c-gray"">Подходит к принтерам:</div><a href=""""><b>Xerox</b></a>:
                  <a href=""/printer/xerox/dp-n2025/"">DocuPrint N2025</a>, <a href=""/printer/xerox/dp-n2825/"">DocuPrint N2825</a></div>",-          ,-          ,,"<span class=""rini_color-square-black""></span>"
"<div class=""title""><a href=""113r00495/""><b>Xerox 113R00495</b></a></div><div class=""clear""/><div class=""links""><div class=""c-gray"">Подходит к принтерам:</div><a href=""""><b>Xerox</b></a>:
                  <a href=""/printer/xerox/phaser-5400/"">Phaser 5400</a></div>",-          ,-          ,12500,"<span class=""rini_color-square-black""></span>"
"<div class=""title""><a href=""113r00663/""><b>Xerox 113R00663 DRUM</b></a></div><div class=""clear""/><div class=""links""><div class=""c-gray"">Подходит к принтерам:</div><a href=""/cartridge/brother/""><b>Brother</b></a>:
                  <a href=""/printer/brother/mfc-7860/"">MFC-7860</a></div>",-          ,-          ,15370,"<span class=""rini_color-square-black""></span>"
"<div class=""title""><a href=""113r00667/""><b>Xerox 113R00667</b></a></div><div class=""clear""/><div class=""links""><div class=""c-gray"">Подходит к принтерам:</div><a href=""""><b>Xerox</b></a>:
                  <a href=""/printer/xerox/wc-pe16/"">WorkCentre PE16</a>, <a href=""/printer/xerox/wc-pe16e/"">WorkCentre PE16e</a></div>",1800          ,1700          ,3500,"<span class=""rini_color-square-black""></span>"
"<div class=""title""><a href=""113r00671/""><b>Xerox 113R00671</b></a></div><div class=""clear""/><div class=""links""><div class=""c-gray"">Подходит к принтерам:</div><a href=""/cartridge/samsung/""><b>Samsung</b></a>:
                  <a href=""/printer/samsung/scx-4623fn/"">SCX-4623FN</a></div>",-          ,-          ,5500,"<span class=""rini_color-square-black""></span>"
"<div class=""title""><a href=""113R00722/""><b>Xerox 113R00722</b></a></div><div class=""clear""/><div class=""links""><div class=""c-gray"">Подходит к принтерам:</div><a href=""/cartridge/canon/""><b>Canon</b></a>:
                  <a href=""/printer/canon/c2380i/"">C2380I</a></div>",-          ,-          ,13440,"<span class=""rini_color-square-black""></span>"
"<div class=""title""><a href=""113r00723/""><b>Xerox 113R00723</b></a></div><div class=""clear""/><div class=""links""><div class=""c-gray"">Подходит к принтерам:</div><a href=""""><b>Xerox</b></a>:
                  <a href=""/printer/xerox/phaser-6180/"">Phaser 6180</a></div>",-          ,-          ,15710,"<span class=""rini_color-square-cyan""></span>"
"<div class=""title""><a href=""113r00724/""><b>Xerox 113R00724</b></a></div><div class=""clear""/><div class=""links""><div class=""c-gray"">Подходит к принтерам:</div><a href=""""><b>Xerox</b></a>:
                  <a href=""/printer/xerox/phaser-6180/"">Phaser 6180</a></div>",-          ,-          ,15710,"<span class=""rini_color-square-magenta""></span>"
"<div class=""title""><a href=""113r00725/""><b>Xerox 113R00725</b></a></div><div class=""clear""/><div class=""links""><div class=""c-gray"">Подходит к принтерам:</div><a href=""""><b>Xerox</b></a>:
                  <a href=""/printer/xerox/phaser-6180/"">Phaser 6180</a></div>",-          ,-          ,15710,"<span class=""rini_color-square-yellow""></span>"
"<div class=""title""><a href=""113r00726/""><b>Xerox 113R00726</b></a></div><div class=""clear""/><div class=""links""><div class=""c-gray"">Подходит к принтерам:</div><a href=""""><b>Xerox</b></a>:
                  <a href=""/printer/xerox/phaser-6180/"">Phaser 6180</a></div>",-          ,-          ,21430,"<span class=""rini_color-square-black""></span>"
"<div class=""title""><a href=""113r00730/""><b>Xerox 113R00730</b></a></div><div class=""clear""/><div class=""links""><div class=""c-gray"">Подходит к принтерам:</div><a href=""/cartridge/hp/""><b>HP</b></a>:
                  <a href=""/printer/hp/lj-4550/"">LaserJet 4550</a></div>",2050          ,1900          ,3100,"<span class=""rini_color-square-black""></span>"
"<div class=""title""><a href=""113r00735/""><b>Xerox 113R00735</b></a></div><div class=""clear""/><div class=""links""><div class=""c-gray"">Подходит к принтерам:</div><a href=""""><b>Xerox</b></a>:
                  <a href=""/printer/xerox/phaser-3200mfp/"">Phaser 3200MFP</a></div>",2050          ,1900          ,11080,"<span class=""rini_color-square-black""></span>"
"<div class=""title""><a href=""673s50212/""><b>Xerox 673S50212 DRUM</b></a></div><div class=""clear""/><div class=""links""><div class=""c-gray"">Подходит к принтерам:</div><a href=""""><b>Xerox</b></a>:
                  <a href=""/printer/xerox/5921/"">5921</a></div>",-          ,-          ,13500,"<span class=""rini_color-square-black""></span>"
"<div class=""title""><a href=""6r916-6r917/""><b>Xerox 6R916/6R917</b></a></div>",-          ,-          ,,"<span class=""rini_color-square-black""></span>"
